[
  {
    "model": "indicadores.ativo",
    "pk": 1,
    "fields": {
      "ticker": "ABEV3"
    }
  },
  {
    "model": "indicadores.ativo",
    "pk": 2,
    "fields": {
      "ticker": "AERI3"
    }
  },
  {
    "model": "indicadores.indicador",
    "pk": 1,
    "fields": {
      "ativo": 1,
      "status": "Crítico",
      "nome": "Divida bruta",
      "valor_texto": "3.157.764.000,00",
      "categoria": "Alavancagem",
      "fonte": "StausInvest",
      "faixa": "Dívida Bruta / Ativos > 1.0",
      "analise": "A Dívida Bruta excede os ativos totais, indicando alavancagem extrema e fragilidade financeira grave. Comum em empresas em crise ou com má gestão financeira, isso sugere risco elevado de insolvência e dificuldade em honrar obrigações financeiras.",
      "formula": "Dívida Bruta = Total de Empréstimos e Financiamentos (Curto e Longo Prazo)",
      "definicao": "A Dívida Bruta representa o total de obrigações financeiras da empresa, incluindo empréstimos, financiamentos e outros passivos com custo financeiro, de curto e longo prazo. É um indicador de alavancagem que avalia o montante absoluto de dívida, sem considerar a disponibilidade de caixa. Um valor alto sugere maior risco financeiro, enquanto valores baixos indicam menor dependência de dívida."
    }
  },
  {
    "model": "indicadores.indicador",
    "pk": 2,
    "fields": {
      "ativo": 1,
      "status": "Ótimo",
      "nome": "Divida liquida",
      "valor_texto": "-14.366.814.000,00",
      "categoria": "Alavancagem",
      "fonte": "StausInvest",
      "faixa": "Dívida Líquida < 0",
      "analise": "Uma Dívida Líquida negativa indica que o caixa e equivalentes superam a dívida bruta, sugerindo robustez financeira. Comum em empresas com forte geração de caixa, como tecnologia ou serviços, isso reflete baixa alavancagem e alta capacidade de honrar obrigações.",
      "formula": "Dívida Líquida = Dívida Bruta - Caixa e Equivalentes de Caixa",
      "definicao": "A Dívida Líquida representa o total de obrigações financeiras da empresa, descontada a disponibilidade de caixa e equivalentes, calculada como (Dívida Bruta - Caixa e Equivalentes de Caixa). É um indicador de alavancagem que avalia o endividamento real, considerando os recursos líquidos disponíveis. Um valor baixo ou negativo sugere boa saúde financeira, enquanto valores altos indicam maior risco financeiro."
    }
  },
  {
    "model": "indicadores.indicador",
    "pk": 3,
    "fields": {
      "ativo": 1,
      "status": "Moderado",
      "nome": "Giro ativos",
      "valor_texto": "0,65",
      "categoria": "Eficiência Operacional",
      "fonte": "StausInvest",
      "faixa": "0.5 < Giro do Ativo <= 1.0",
      "analise": "O Giro do Ativo está em uma faixa moderada, indicando eficiência razoável na utilização dos ativos para gerar receita. Essa faixa é comum em empresas com operações estáveis, como manufatura ou varejo, mas com potencial limitado para maximizar o uso de ativos.",
      "formula": "Giro do Ativo = Receita Líquida / Ativos Totais",
      "definicao": "O Giro do Ativo mede a eficiência com que a empresa utiliza seus ativos totais para gerar receita, calculado como (Receita Líquida / Ativos Totais). É um indicador de eficiência operacional que avalia o quão bem os ativos são empregados para produzir vendas. Um valor alto sugere alta eficiência, enquanto valores baixos indicam subutilização de ativos ou ineficiência operacional."
    }
  },
  {
    "model": "indicadores.indicador",
    "pk": 4,
    "fields": {
      "ativo": 1,
      "status": "Bom",
      "nome": "M. Bruta",
      "valor_texto": "51,50%",
      "categoria": "Eficiência Operacional",
      "fonte": "StausInvest",
      "faixa": "40 < Margem Bruta <= 60%",
      "analise": "A Margem Bruta está em uma faixa alta, sugerindo boa eficiência operacional e controle de custos diretos. Essa faixa é comum em empresas com forte poder de precificação ou operações otimizadas, como tecnologia ou bens de consumo de marca.",
      "formula": "Margem Bruta (%) = ((Receita Líquida - Custo dos Produtos Vendidos) / Receita Líquida) * 100",
      "definicao": "A Margem Bruta mede a rentabilidade bruta da empresa, calculada como ((Receita Líquida - Custo dos Produtos Vendidos) / Receita Líquida) * 100. É um indicador de eficiência operacional que mostra a porcentagem da receita que resta após os custos diretos de produção. Uma margem bruta alta sugere eficiência na gestão de custos, enquanto valores baixos indicam pressão sobre custos ou baixa precificação."
    }
  },
  {
    "model": "indicadores.indicador",
    "pk": 5,
    "fields": {
      "ativo": 1,
      "status": "Ótimo",
      "nome": "M. EBIT",
      "valor_texto": "25,06%",
      "categoria": "Eficiência Operacional",
      "fonte": "StausInvest",
      "faixa": "Margem EBIT > 25%",
      "analise": "A Margem EBIT é extremamente alta, indicando eficiência operacional excepcional e forte poder de precificação. Essa faixa é típica de empresas com marcas premium, baixa concorrência ou modelos de negócios escaláveis, como software ou serviços especializados, onde os lucros operacionais são elevados.",
      "formula": "Margem EBIT (%) = (EBIT / Receita Líquida) * 100",
      "definicao": "A Margem EBIT mede a rentabilidade operacional da empresa, calculada como (EBIT / Receita Líquida) * 100. É um indicador de eficiência que mostra a porcentagem da receita que resta após custos operacionais, antes de juros e impostos. Uma margem EBIT alta sugere forte desempenho operacional, enquanto valores baixos indicam ineficiência ou pressão de custos."
    }
  },
  {
    "model": "indicadores.indicador",
    "pk": 6,
    "fields": {
      "ativo": 1,
      "status": "Ótimo",
      "nome": "M. EBITDA",
      "valor_texto": "36,31%",
      "categoria": "Eficiência Operacional",
      "fonte": "StausInvest",
      "faixa": "Margem EBITDA > 30%",
      "analise": "A Margem EBITDA é extremamente alta, indicando eficiência operacional excepcional e forte geração de caixa. Essa faixa é típica de empresas com marcas premium, baixa concorrência ou modelos de negócios escaláveis, como software, tecnologia ou bens de luxo, onde os lucros operacionais ajustados são robustos.",
      "formula": "Margem EBITDA (%) = (EBITDA / Receita Líquida) * 100",
      "definicao": "A Margem EBITDA mede a rentabilidade operacional ajustada da empresa, calculada como (EBITDA / Receita Líquida) * 100. É um indicador de eficiência que mostra a porcentagem da receita que resta após custos operacionais, antes de juros, impostos, depreciação e amortização. Uma margem EBITDA alta sugere forte geração de caixa operacional, enquanto valores baixos indicam ineficiência ou pressão de custos."
    }
  },
  {
    "model": "indicadores.indicador",
    "pk": 7,
    "fields": {
      "ativo": 1,
      "status": "Ótimo",
      "nome": "PL/Ativos",
      "valor_texto": "0,65",
      "categoria": "Estrutura de Capital",
      "fonte": "StausInvest",
      "faixa": "PL/Ativos > 0.6",
      "analise": "O PL/Ativos é extremamente alto, indicando que a maior parte dos ativos é financiada por capital próprio, sugerindo baixa alavancagem e robustez financeira. Essa faixa é típica de empresas com forte geração de caixa ou baixa necessidade de capital, como software ou serviços especializados.",
      "formula": "PL/Ativos = Patrimônio Líquido / Ativos Totais",
      "definicao": "O PL/Ativos (Patrimônio Líquido sobre Ativos) mede a proporção do patrimônio líquido em relação aos ativos totais da empresa, calculado como (Patrimônio Líquido / Ativos Totais). É um indicador de estrutura de capital que avalia o grau de financiamento dos ativos por capital próprio versus dívida. Um valor alto sugere baixa alavancagem, enquanto valores baixos ou negativos indicam alta dependência de dívida ou fragilidade financeira."
    }
  },
  {
    "model": "indicadores.indicador",
    "pk": 8,
    "fields": {
      "ativo": 1,
      "status": "Moderado",
      "nome": "TAG ALONG",
      "valor_texto": "80,00%",
      "categoria": "Governança Corporativa",
      "fonte": "StausInvest",
      "faixa": "80% <= Tag Along <= 99%",
      "analise": "O Tag Along oferece proteção padrão aos minoritários, alinhado com exigências de mercados como o Novo Mercado da B3. Comum em empresas com governança sólida, sugere segurança razoável em cenários de venda de controle.",
      "formula": "Tag Along (%) = Percentual do preço por ação pago ao controlador garantido aos minoritários Observação: O Tag Along é uma informação estatutária ou regulatória, geralmente definida como 0%, 80%, 100% ou outro percentual específico.",
      "definicao": "O Tag Along é um mecanismo de proteção aos acionistas minoritários que garante o direito de vender suas ações nas mesmas condições (preço e termos) oferecidas ao controlador em caso de venda do controle acionário. Expresso como percentual do preço pago por ação ao controlador, é previsto no estatuto da empresa ou na legislação (ex.: Lei das S.A. no Brasil, que exige 80% para empresas listadas em alguns segmentos). Um Tag Along alto reflete maior proteção aos minoritários, enquanto um Tag Along baixo ou inexistente indica maior risco."
    }
  },
  {
    "model": "indicadores.indicador",
    "pk": 9,
    "fields": {
      "ativo": 1,
      "status": "Moderado",
      "nome": "Ativos",
      "valor_texto": "1,11",
      "categoria": "Liquidez",
      "fonte": "StausInvest",
      "faixa": "0.8 <= Liquidez Corrente < 1.2",
      "analise": "A Liquidez Corrente está em uma faixa limitada, sugerindo que os ativos circulantes cobrem as obrigações de curto prazo de forma marginal. Essa faixa é comum em empresas com operações estáveis, mas com pouca folga financeira, como varejo ou manufatura com margens apertadas.",
      "formula": "Liquidez Corrente = Ativo Circulante / Passivo Circulante",
      "definicao": "A Liquidez Corrente mede a capacidade da empresa de pagar suas obrigações de curto prazo com seus ativos circulantes, calculada como (Ativo Circulante / Passivo Circulante). É um indicador de liquidez que avalia a saúde financeira de curto prazo da empresa. Um valor alto sugere boa capacidade de pagamento, enquanto valores baixos indicam risco de insolvência no curto prazo."
    }
  },
  {
    "model": "indicadores.indicador",
    "pk": 10,
    "fields": {
      "ativo": 1,
      "status": "Moderado",
      "nome": "Free Float",
      "valor_texto": "—",
      "categoria": "Liquidez",
      "fonte": "StausInvest",
      "faixa": "0.8 <= Liquidez Corrente < 1.2",
      "analise": "A Liquidez Corrente está em uma faixa limitada, sugerindo que os ativos circulantes cobrem as obrigações de curto prazo de forma marginal. Essa faixa é comum em empresas com operações estáveis, mas com pouca folga financeira, como varejo ou manufatura com margens apertadas.",
      "formula": "Liquidez Corrente = Ativo Circulante / Passivo Circulante",
      "definicao": "A Liquidez Corrente mede a capacidade da empresa de pagar suas obrigações de curto prazo com seus ativos circulantes, calculada como (Ativo Circulante / Passivo Circulante). É um indicador de liquidez que avalia a saúde financeira de curto prazo da empresa. Um valor alto sugere boa capacidade de pagamento, enquanto valores baixos indicam risco de insolvência no curto prazo."
    }
  },
  {
    "model": "indicadores.indicador",
    "pk": 11,
    "fields": {
      "ativo": 1,
      "status": "Moderado",
      "nome": "Liq. corrente",
      "valor_texto": "1,11",
      "categoria": "Liquidez",
      "fonte": "StausInvest",
      "faixa": "0.8 <= Liquidez Corrente < 1.2",
      "analise": "A Liquidez Corrente está em uma faixa limitada, sugerindo que os ativos circulantes cobrem as obrigações de curto prazo de forma marginal. Essa faixa é comum em empresas com operações estáveis, mas com pouca folga financeira, como varejo ou manufatura com margens apertadas.",
      "formula": "Liquidez Corrente = Ativo Circulante / Passivo Circulante",
      "definicao": "A Liquidez Corrente mede a capacidade da empresa de pagar suas obrigações de curto prazo com seus ativos circulantes, calculada como (Ativo Circulante / Passivo Circulante). É um indicador de liquidez que avalia a saúde financeira de curto prazo da empresa. Um valor alto sugere boa capacidade de pagamento, enquanto valores baixos indicam risco de insolvência no curto prazo."
    }
  },
  {
    "model": "indicadores.indicador",
    "pk": 12,
    "fields": {
      "ativo": 1,
      "status": "Ótimo",
      "nome": "LIQUIDEZ MEDIA DIARIA",
      "valor_texto": "358.014.350,52",
      "categoria": "Liquidez de Mercado",
      "fonte": "StausInvest",
      "faixa": "Liquidez Média Diária > 2.000.000",
      "analise": "A Liquidez Média Diária é extremamente alta, indicando facilidade excepcional para negociar a ação, mesmo em grandes volumes. Essa faixa é típica de empresas de alta capitalização, blue chips ou setores de grande interesse, como financeiro ou tecnologia, refletindo forte presença no mercado.",
      "formula": "Liquidez Média Diária = Valor Total Negociado / Número de Dias",
      "definicao": "A Liquidez Média Diária mede o volume financeiro médio negociado de uma ação por dia, geralmente em reais, dólares ou outra moeda, calculado como o valor total negociado em um período dividido pelo número de dias. É um indicador de liquidez de mercado que avalia a facilidade de comprar ou vender uma ação sem impactar significativamente seu preço. Um valor alto sugere alta liquidez, enquanto valores baixos indicam dificuldade em negociar a ação."
    }
  },
  {
    "model": "indicadores.indicador",
    "pk": 13,
    "fields": {
      "ativo": 1,
      "status": "Ótimo",
      "nome": "D.Y",
      "valor_texto": "8,48%",
      "categoria": "Rentabilidade",
      "fonte": "StausInvest",
      "faixa": "Dividend Yield > 6%",
      "analise": "O Dividend Yield é extremamente alto, indicando retorno excepcional via dividendos. Essa faixa é típica de empresas com forte geração de caixa e política agressiva de distribuição, como utilities ou REITs, mas pode também sinalizar empresas em declínio com preços deprimidos.",
      "formula": "Dividend Yield (%) = (Dividendos por Ação / Preço da Ação) * 100",
      "definicao": "O Dividend Yield (DY) mede o retorno anual dos dividendos pagos por ação em relação ao preço da ação, calculado como (Dividendos por Ação / Preço da Ação) * 100. É um indicador de rentabilidade para investidores que buscam renda passiva. Um DY alto sugere bom retorno de dividendos, enquanto valores baixos podem indicar baixa distribuição de lucros ou expectativas de crescimento."
    }
  },
  {
    "model": "indicadores.indicador",
    "pk": 14,
    "fields": {
      "ativo": 1,
      "status": "Ruim",
      "nome": "LPA",
      "valor_texto": "0,94",
      "categoria": "Rentabilidade",
      "fonte": "StausInvest",
      "faixa": "0 <= LPA <= 1",
      "analise": "O LPA está baixo, sugerindo rentabilidade limitada por ação. Isso pode ocorrer em empresas em fase inicial, com altos investimentos ou em setores de baixa margem.",
      "formula": "LPA = Lucro Líquido / Número de Ações em Circulação",
      "definicao": "O Lucro por Ação (LPA) mede a rentabilidade da empresa por ação, calculado como (Lucro Líquido / Número de Ações em Circulação). É um indicador chave de desempenho que mostra quanto lucro a empresa gera para cada ação. Um LPA alto sugere alta rentabilidade, enquanto valores negativos indicam prejuízos."
    }
  },
  {
    "model": "indicadores.indicador",
    "pk": 15,
    "fields": {
      "ativo": 1,
      "status": "Bom",
      "nome": "M. Liquida",
      "valor_texto": "16,08%",
      "categoria": "Rentabilidade",
      "fonte": "StausInvest",
      "faixa": "15 < Margem Líquida <= 25%",
      "analise": "A Margem Líquida está em uma faixa alta, sugerindo boa rentabilidade final e eficiência geral. Essa faixa é comum em empresas com forte poder de precificação, controle de custos ou operações otimizadas, como tecnologia, bens de consumo de marca ou serviços especializados.",
      "formula": "Margem Líquida (%) = (Lucro Líquido / Receita Líquida) * 100",
      "definicao": "A Margem Líquida mede a rentabilidade final da empresa, calculada como (Lucro Líquido / Receita Líquida) * 100. É um indicador de eficiência que mostra a porcentagem da receita que resta após todos os custos, despesas, juros e impostos. Uma margem líquida alta sugere forte lucratividade e eficiência geral, enquanto valores baixos indicam pressão de custos ou baixa rentabilidade."
    }
  },
  {
    "model": "indicadores.indicador",
    "pk": 16,
    "fields": {
      "ativo": 1,
      "status": "Bom",
      "nome": "ROA",
      "valor_texto": "10,38%",
      "categoria": "Rentabilidade",
      "fonte": "StausInvest",
      "faixa": "7 < ROA <= 12%",
      "analise": "O ROA está em uma faixa alta, sugerindo boa rentabilidade na utilização dos ativos. Essa faixa é comum em empresas com eficiência operacional sólida, poder de precificação ou ativos bem geridos, como tecnologia ou bens de consumo, indicando capacidade de gerar retornos robustos.",
      "formula": "ROA (%) = (Lucro Líquido / Ativos Totais) * 100",
      "definicao": "O ROA (Retorno sobre Ativos) mede a rentabilidade da empresa em relação aos seus ativos totais, calculado como (Lucro Líquido / Ativos Totais) * 100. É um indicador de eficiência que avalia a capacidade da empresa de gerar lucros utilizando seus ativos. Um ROA alto sugere eficiência na gestão de ativos, enquanto valores baixos ou negativos indicam ineficiência ou prejuízos."
    }
  },
  {
    "model": "indicadores.indicador",
    "pk": 17,
    "fields": {
      "ativo": 1,
      "status": "Bom",
      "nome": "ROE",
      "valor_texto": "15,95%",
      "categoria": "Rentabilidade",
      "fonte": "StausInvest",
      "faixa": "15 < ROE <= 25%",
      "analise": "O ROE está em uma faixa alta, sugerindo boa rentabilidade sobre o patrimônio líquido. Essa faixa é comum em empresas com forte eficiência operacional, poder de precificação ou operações otimizadas, como tecnologia ou bens de consumo de marca, indicando capacidade de gerar retornos robustos.",
      "formula": "ROE (%) = (Lucro Líquido / Patrimônio Líquido) * 100",
      "definicao": "O ROE (Retorno sobre Patrimônio Líquido) mede a rentabilidade da empresa em relação ao capital próprio dos acionistas, calculado como (Lucro Líquido / Patrimônio Líquido) * 100. É um indicador de eficiência que avalia a capacidade da empresa de gerar lucros com o patrimônio investido pelos acionistas. Um ROE alto sugere alta eficiência, enquanto valores baixos ou negativos indicam ineficiência ou prejuízos."
    }
  },
  {
    "model": "indicadores.indicador",
    "pk": 18,
    "fields": {
      "ativo": 1,
      "status": "Ótimo",
      "nome": "ROIC",
      "valor_texto": "18,73%",
      "categoria": "Rentabilidade",
      "fonte": "StausInvest",
      "faixa": "ROIC > 15%",
      "analise": "O ROIC é extremamente alto, indicando rentabilidade excepcional sobre o capital investido. Essa faixa é típica de empresas com modelos de negócios escaláveis, baixa intensidade de capital ou eficiência superior, como software ou serviços especializados, refletindo forte retorno sobre o capital.",
      "formula": "ROIC (%) = (NOPAT / Capital Investido) * 100",
      "definicao": "O ROIC (Retorno sobre Capital Investido) mede a eficiência da empresa em gerar lucros a partir do capital total investido, calculado como (NOPAT / Capital Investido) * 100, onde NOPAT é o lucro operacional após impostos e Capital Investido é a soma de patrimônio líquido e dívida líquida. É um indicador de rentabilidade que avalia a capacidade de alocação eficiente do capital. Um ROIC alto sugere eficiência superior, enquanto valores baixos indicam ineficiência ou retornos insuficientes."
    }
  },
  {
    "model": "indicadores.indicador",
    "pk": 19,
    "fields": {
      "ativo": 1,
      "status": "Ótimo",
      "nome": "Disponibilidade",
      "valor_texto": "13,25",
      "categoria": "Saúde Financeira",
      "fonte": "StausInvest",
      "faixa": "Patrimônio Líquido / Ativos > 0.6",
      "analise": "O Patrimônio Líquido é extremamente alto em relação aos ativos, indicando baixa alavancagem e robustez financeira. Típico de empresas com forte geração de caixa ou baixa necessidade de capital, como software ou serviços especializados, refletindo solidez financeira.",
      "formula": "Patrimônio Líquido = Ativos Totais - Passivos Totais",
      "definicao": "O Patrimônio Líquido representa o valor contábil dos recursos próprios da empresa, calculado como (Ativos Totais - Passivos Totais). É um indicador de saúde financeira que mostra o valor residual pertencente aos acionistas após o pagamento de todas as dívidas. Um valor alto sugere solidez financeira, enquanto valores baixos ou negativos indicam fragilidade ou endividamento excessivo."
    }
  },
  {
    "model": "indicadores.indicador",
    "pk": 20,
    "fields": {
      "ativo": 1,
      "status": "Ótimo",
      "nome": "P/L",
      "valor_texto": "13,25",
      "categoria": "Saúde Financeira",
      "fonte": "StausInvest",
      "faixa": "Patrimônio Líquido / Ativos > 0.6",
      "analise": "O Patrimônio Líquido é extremamente alto em relação aos ativos, indicando baixa alavancagem e robustez financeira. Típico de empresas com forte geração de caixa ou baixa necessidade de capital, como software ou serviços especializados, refletindo solidez financeira.",
      "formula": "Patrimônio Líquido = Ativos Totais - Passivos Totais",
      "definicao": "O Patrimônio Líquido representa o valor contábil dos recursos próprios da empresa, calculado como (Ativos Totais - Passivos Totais). É um indicador de saúde financeira que mostra o valor residual pertencente aos acionistas após o pagamento de todas as dívidas. Um valor alto sugere solidez financeira, enquanto valores baixos ou negativos indicam fragilidade ou endividamento excessivo."
    }
  },
  {
    "model": "indicadores.indicador",
    "pk": 21,
    "fields": {
      "ativo": 1,
      "status": "Ótimo",
      "nome": "Div. liquida/EBIT",
      "valor_texto": "-0,63",
      "categoria": "Solvência",
      "fonte": "StausInvest",
      "faixa": "Dívida Líquida / EBIT < 0",
      "analise": "Um valor negativo pode indicar que a empresa possui mais caixa do que dívidas ou que o EBIT é negativo. Um excesso de caixa sugere uma posição financeira sólida, mas um EBIT negativo aponta para prejuízo operacional, exigindo análise cuidadosa do contexto.",
      "formula": "Dívida Líquida / EBIT = (Dívida Total - Caixa e Equivalentes) / EBIT",
      "definicao": "A Dívida Líquida / EBIT mede o nível de endividamento da empresa em relação ao seu lucro antes de juros e impostos (EBIT). É calculado como (Dívida Líquida / EBIT), onde Dívida Líquida = Dívida Total - Caixa e Equivalentes. É um indicador de solvência que avalia a capacidade da empresa de pagar suas dívidas com seu lucro operacional. Um valor baixo sugere baixa alavancagem, enquanto valores altos indicam risco financeiro elevado."
    }
  },
  {
    "model": "indicadores.indicador",
    "pk": 22,
    "fields": {
      "ativo": 1,
      "status": "Ótimo",
      "nome": "Div. liquida/EBITDA",
      "valor_texto": "-0,43",
      "categoria": "Solvência",
      "fonte": "StausInvest",
      "faixa": "Dívida Líquida / EBITDA < 0",
      "analise": "Um valor negativo indica que a empresa possui mais caixa e equivalentes do que dívidas, sugerindo uma posição financeira sólida com baixa alavancagem. Isso pode ocorrer em empresas com alta geração de caixa ou reservas elevadas, permitindo investimentos ou distribuições aos acionistas.",
      "formula": "Dívida Líquida / EBITDA = (Dívida Total - Caixa e Equivalentes) / EBITDA",
      "definicao": "A Dívida Líquida / EBITDA mede o nível de endividamento da empresa em relação ao seu lucro operacional antes de juros, impostos, depreciação e amortização (EBITDA). É calculado como (Dívida Líquida / EBITDA). É um indicador de solvência que avalia a capacidade da empresa de pagar suas dívidas com sua geração de caixa operacional. Um valor baixo sugere baixa alavancagem, enquanto valores altos indicam risco financeiro elevado."
    }
  },
  {
    "model": "indicadores.indicador",
    "pk": 23,
    "fields": {
      "ativo": 1,
      "status": "Ótimo",
      "nome": "Div. liquida/PL",
      "valor_texto": "-0,16",
      "categoria": "Solvência",
      "fonte": "StausInvest",
      "faixa": "Dívida Líquida / PL < 0",
      "analise": "Um valor negativo pode indicar que a empresa possui mais caixa do que dívidas ou que o patrimônio líquido é negativo. Um excesso de caixa sugere uma posição financeira sólida, mas um patrimônio líquido negativo aponta para prejuízos acumulados ou problemas estruturais, exigindo análise detalhada.",
      "formula": "Dívida Líquida / Patrimônio Líquido = (Dívida Total - Caixa e Equivalentes) / Patrimônio Líquido",
      "definicao": "A Dívida Líquida / Patrimônio Líquido mede o nível de endividamento da empresa em relação ao seu patrimônio líquido. É calculado como (Dívida Líquida / Patrimônio Líquido), onde Dívida Líquida = Dívida Total - Caixa e Equivalentes. É um indicador de solvência que avalia a proporção de dívida financiada em relação ao capital próprio dos acionistas. Um valor baixo sugere baixa alavancagem, enquanto valores altos indicam risco financeiro elevado."
    }
  },
  {
    "model": "indicadores.indicador",
    "pk": 24,
    "fields": {
      "ativo": 1,
      "status": "Bom",
      "nome": "Ativo circulante",
      "valor_texto": "5,45",
      "categoria": "Valuation",
      "fonte": "StausInvest",
      "faixa": "4 < EV/EBITDA <= 8",
      "analise": "O EV/EBITDA está em uma faixa equilibrada, sugerindo que a empresa tem um valuation razoável em relação ao seu lucro operacional ajustado. Essa faixa é comum em empresas estáveis com crescimento moderado e EBITDA consistente, refletindo confiança do mercado sem excesso de otimismo ou pessimismo.",
      "formula": "EV/EBITDA = Enterprise Value / EBITDA",
      "definicao": "O EV/EBITDA (Enterprise Value / EBITDA) mede o valor da empresa em relação ao seu lucro antes de juros, impostos, depreciação e amortização (EBITDA). É calculado como (Enterprise Value / EBITDA), onde Enterprise Value = Valor de Mercado + Dívida Líquida - Caixa. É um indicador de valuation que avalia se a empresa está cara ou barata, ajustado para depreciação e amortização. Um EV/EBITDA baixo sugere subvalorização, enquanto valores altos indicam sobrevalorização ou expectativas de crescimento."
    }
  },
  {
    "model": "indicadores.indicador",
    "pk": 25,
    "fields": {
      "ativo": 1,
      "status": "Bom",
      "nome": "EV/EBIT",
      "valor_texto": "7,88",
      "categoria": "Valuation",
      "fonte": "StausInvest",
      "faixa": "6 < EV/EBIT <= 10",
      "analise": "O EV/EBIT está em uma faixa equilibrada, sugerindo que a empresa tem um valuation razoável em relação ao seu lucro operacional. Essa faixa é comum em empresas estáveis com crescimento moderado e EBIT consistente, refletindo confiança do mercado sem excesso de otimismo.",
      "formula": "EV/EBIT = Enterprise Value / EBIT",
      "definicao": "O EV/EBIT (Enterprise Value / EBIT) mede o valor da empresa em relação ao seu lucro antes de juros e impostos (EBIT). É calculado como (Enterprise Value / EBIT), onde Enterprise Value = Valor de Mercado + Dívida Líquida - Caixa. É um indicador de valuation que avalia se a empresa está cara ou barata, considerando sua dívida e caixa. Um EV/EBIT baixo sugere subvalorização, enquanto valores altos indicam sobrevalorização ou expectativas de crescimento."
    }
  },
  {
    "model": "indicadores.indicador",
    "pk": 26,
    "fields": {
      "ativo": 1,
      "status": "Bom",
      "nome": "EV/EBITDA",
      "valor_texto": "5,45",
      "categoria": "Valuation",
      "fonte": "StausInvest",
      "faixa": "4 < EV/EBITDA <= 8",
      "analise": "O EV/EBITDA está em uma faixa equilibrada, sugerindo que a empresa tem um valuation razoável em relação ao seu lucro operacional ajustado. Essa faixa é comum em empresas estáveis com crescimento moderado e EBITDA consistente, refletindo confiança do mercado sem excesso de otimismo ou pessimismo.",
      "formula": "EV/EBITDA = Enterprise Value / EBITDA",
      "definicao": "O EV/EBITDA (Enterprise Value / EBITDA) mede o valor da empresa em relação ao seu lucro antes de juros, impostos, depreciação e amortização (EBITDA). É calculado como (Enterprise Value / EBITDA), onde Enterprise Value = Valor de Mercado + Dívida Líquida - Caixa. É um indicador de valuation que avalia se a empresa está cara ou barata, ajustado para depreciação e amortização. Um EV/EBITDA baixo sugere subvalorização, enquanto valores altos indicam sobrevalorização ou expectativas de crescimento."
    }
  },
  {
    "model": "indicadores.indicador",
    "pk": 27,
    "fields": {
      "ativo": 1,
      "status": "Moderado",
      "nome": "P/Ativo",
      "valor_texto": "1,37",
      "categoria": "Valuation",
      "fonte": "StausInvest",
      "faixa": "1 < P/Ativo <= 1.5",
      "analise": "O P/Ativo está moderadamente elevado, sugerindo que o mercado atribui um prêmio aos ativos da empresa. Essa faixa indica expectativas de rentabilidade acima da média ou crescimento futuro, comum em empresas com ativos intangíveis valiosos ou em setores com potencial moderado.",
      "formula": "P/Ativo = Valor de Mercado / Ativos Totais",
      "definicao": "O P/Ativo (Preço / Ativo) mede o valor de mercado da empresa em relação aos seus ativos totais, calculado como (Valor de Mercado / Ativos Totais). É um indicador de valuation que avalia se a empresa está cara ou barata com base em seus ativos. Um P/Ativo baixo sugere subvalorização, enquanto valores altos indicam sobrevalorização ou expectativas de alta rentabilidade sobre os ativos."
    }
  },
  {
    "model": "indicadores.indicador",
    "pk": 28,
    "fields": {
      "ativo": 1,
      "status": "Crítico",
      "nome": "P/Ativo Circ. Liq.",
      "valor_texto": "-1,93",
      "categoria": "Valuation",
      "fonte": "StausInvest",
      "faixa": "P/Ativo Circulante Líquido < 0",
      "analise": "Um P/Ativo Circulante Líquido negativo indica que o ativo circulante líquido é negativo, ou seja, o passivo circulante excede o ativo circulante. Isso sugere problemas graves de liquidez de curto prazo, comum em empresas em crise ou com má gestão financeira, indicando risco de insolvência.",
      "formula": "P/Ativo Circulante Líquido = Valor de Mercado / (Ativo Circulante - Passivo Circulante)",
      "definicao": "O P/Ativo Circulante Líquido mede o valor de mercado da empresa em relação ao seu ativo circulante líquido, calculado como (Valor de Mercado / Ativo Circulante Líquido), onde Ativo Circulante Líquido é o Ativo Circulante menos o Passivo Circulante. É um indicador de valuation que avalia a relação entre o preço da empresa e sua liquidez de curto prazo. Um valor baixo sugere subvalorização ou alta liquidez, enquanto valores altos indicam sobrevalorização ou baixa liquidez operacional."
    }
  },
  {
    "model": "indicadores.indicador",
    "pk": 29,
    "fields": {
      "ativo": 1,
      "status": "Ruim",
      "nome": "P/Cap. Giro",
      "valor_texto": "49,86",
      "categoria": "Valuation",
      "fonte": "StausInvest",
      "faixa": "P/Capital de Giro > 20",
      "analise": "O P/Capital de Giro é extremamente elevado, sugerindo forte sobrevalorização ou expectativas irreais de liquidez operacional. Essa faixa é típica de bolhas de mercado, empresas de alto crescimento especulativo ou narrativas hype, onde o preço de mercado desconecta dos fundamentos financeiros.",
      "formula": "P/Capital de Giro = Valor de Mercado / (Ativo Circulante - Passivo Circulante)",
      "definicao": "O P/Capital de Giro mede o valor de mercado da empresa em relação ao seu capital de giro, calculado como (Valor de Mercado / Capital de Giro), onde Capital de Giro é o Ativo Circulante menos o Passivo Circulante. É um indicador de valuation que avalia a relação entre o preço da empresa e sua liquidez operacional de curto prazo. Um valor baixo sugere subvalorização ou alta liquidez, enquanto valores altos indicam sobrevalorização ou baixa liquidez."
    }
  },
  {
    "model": "indicadores.indicador",
    "pk": 30,
    "fields": {
      "ativo": 1,
      "status": "Bom",
      "nome": "P/EBIT",
      "valor_texto": "8,50",
      "categoria": "Valuation",
      "fonte": "StausInvest",
      "faixa": "8 < P/EBIT <= 12",
      "analise": "O P/EBIT está em uma faixa equilibrada, sugerindo que o valor de mercado está alinhado com o lucro operacional da empresa. Essa faixa é comum em empresas estáveis com EBIT consistente e crescimento moderado, refletindo confiança do mercado sem excesso de otimismo.",
      "formula": "P/EBIT = Valor de Mercado / EBIT",
      "definicao": "O P/EBIT (Preço / EBIT) mede o valor de mercado da empresa em relação ao seu lucro antes de juros e impostos (EBIT), calculado como (Valor de Mercado / EBIT). É um indicador de valuation que avalia se a empresa está cara ou barata com base em sua lucratividade operacional. Um P/EBIT baixo sugere subvalorização, enquanto valores altos indicam sobrevalorização ou expectativas de crescimento futuro."
    }
  },
  {
    "model": "indicadores.indicador",
    "pk": 31,
    "fields": {
      "ativo": 1,
      "status": "Ótimo",
      "nome": "P/EBITDA",
      "valor_texto": "5,88",
      "categoria": "Valuation",
      "fonte": "StausInvest",
      "faixa": "0 <= P/EBITDA <= 6",
      "analise": "O P/EBITDA está muito baixo, sugerindo que a empresa está fortemente subvalorizada em relação à sua geração de caixa operacional ajustada. Essa faixa indica oportunidades de compra, comum em empresas com EBITDA sólido, mas preço de mercado deprimido devido a ciclos econômicos, baixa visibilidade ou setores menos atrativos.",
      "formula": "P/EBITDA = Valor de Mercado / EBITDA",
      "definicao": "O P/EBITDA (Preço / EBITDA) mede o valor de mercado da empresa em relação ao seu lucro antes de juros, impostos, depreciação e amortização (EBITDA), calculado como (Valor de Mercado / EBITDA). É um indicador de valuation que avalia se a empresa está cara ou barata com base em sua geração de caixa operacional ajustada. Um P/EBITDA baixo sugere subvalorização, enquanto valores altos indicam sobrevalorização ou expectativas de crescimento futuro."
    }
  },
  {
    "model": "indicadores.indicador",
    "pk": 32,
    "fields": {
      "ativo": 1,
      "status": "Ruim",
      "nome": "P/SR",
      "valor_texto": "2,13",
      "categoria": "Valuation",
      "fonte": "StausInvest",
      "faixa": "2.0 < PSR <= 3.0",
      "analise": "O PSR está consideravelmente elevado, indicando sobrevalorização em relação à receita líquida. Essa faixa é comum em empresas com altas expectativas de crescimento ou em setores premium, como tecnologia, mas o preço reflete otimismo significativo que pode ser arriscado se não sustentado.",
      "formula": "PSR = Valor de Mercado / Receita Líquida",
      "definicao": "O PSR (Preço sobre Vendas) mede o valor de mercado da empresa em relação à sua receita líquida, calculado como (Valor de Mercado / Receita Líquida). É um indicador de valuation que avalia se a empresa está cara ou barata com base em sua capacidade de gerar vendas. Um PSR baixo sugere subvalorização, enquanto valores altos indicam sobrevalorização ou expectativas de crescimento futuro."
    }
  },
  {
    "model": "indicadores.indicador",
    "pk": 33,
    "fields": {
      "ativo": 1,
      "status": "Ruim",
      "nome": "P/VP",
      "valor_texto": "2,11",
      "categoria": "Valuation",
      "fonte": "StausInvest",
      "faixa": "1.8 < P/VP <= 2.5",
      "analise": "O preço da ação está consideravelmente acima do valor patrimonial, indicando sobrevalorização moderada. Essa faixa é comum em empresas com expectativas de crescimento ou em setores de alto potencial, mas o preço já reflete otimismo significativo.",
      "formula": "P/VP = Preço da Ação / Valor Patrimonial por Ação",
      "definicao": "O Preço/Valor Patrimonial (P/VP) compara o preço da ação ao valor patrimonial por ação, calculado como (Preço da Ação / Valor Patrimonial por Ação). É um indicador de valuation que avalia se a ação está cara ou barata em relação aos ativos líquidos da empresa. Um P/VP baixo sugere subvalorização, enquanto um valor alto indica sobrevalorização ou expectativas de crescimento."
    }
  },
  {
    "model": "indicadores.indicador",
    "pk": 34,
    "fields": {
      "ativo": 1,
      "status": "Crítico",
      "nome": "VPA",
      "valor_texto": "5,87",
      "categoria": "Valuation",
      "fonte": "StausInvest",
      "faixa": "P/VPA > 2.5",
      "analise": "O P/VPA é extremamente elevado, sugerindo forte sobrevalorização em relação ao valor patrimonial por ação. Essa faixa é típica de bolhas de mercado, empresas de alto crescimento especulativo ou narrativas hype, onde o preço da ação desconecta significativamente do patrimônio líquido.",
      "formula": "VPA = Patrimônio Líquido / Número Total de Ações",
      "definicao": "O VPA (Valor Patrimonial por Ação) mede o valor contábil do patrimônio líquido da empresa por ação, calculado como (Patrimônio Líquido / Número Total de Ações). É um indicador de valuation que avalia o valor intrínseco de cada ação com base nos ativos líquidos da empresa. Um VPA alto sugere maior respaldo patrimonial por ação, enquanto valores baixos ou negativos indicam fragilidade financeira ou patrimônio reduzido."
    }
  },
  {
    "model": "indicadores.indicador",
    "pk": 35,
    "fields": {
      "ativo": 2,
      "status": "Crítico",
      "nome": "Divida bruta",
      "valor_texto": "1.693.749.000,00",
      "categoria": "Alavancagem",
      "fonte": "StausInvest",
      "faixa": "Dívida Bruta / Ativos > 1.0",
      "analise": "A Dívida Bruta excede os ativos totais, indicando alavancagem extrema e fragilidade financeira grave. Comum em empresas em crise ou com má gestão financeira, isso sugere risco elevado de insolvência e dificuldade em honrar obrigações financeiras.",
      "formula": "Dívida Bruta = Total de Empréstimos e Financiamentos (Curto e Longo Prazo)",
      "definicao": "A Dívida Bruta representa o total de obrigações financeiras da empresa, incluindo empréstimos, financiamentos e outros passivos com custo financeiro, de curto e longo prazo. É um indicador de alavancagem que avalia o montante absoluto de dívida, sem considerar a disponibilidade de caixa. Um valor alto sugere maior risco financeiro, enquanto valores baixos indicam menor dependência de dívida."
    }
  },
  {
    "model": "indicadores.indicador",
    "pk": 36,
    "fields": {
      "ativo": 2,
      "status": "Ruim",
      "nome": "Divida liquida",
      "valor_texto": "1.626.181.000,00",
      "categoria": "Alavancagem",
      "fonte": "StausInvest",
      "faixa": "0.6 < Dívida Líquida / Ativos <= 1.0",
      "analise": "A Dívida Líquida é alta em relação aos ativos, indicando elevada alavancagem. Comum em setores intensivos em capital, como infraestrutura ou energia, sugere risco financeiro significativo devido à dependência de dívidas, mesmo considerando o caixa disponível.",
      "formula": "Dívida Líquida = Dívida Bruta - Caixa e Equivalentes de Caixa",
      "definicao": "A Dívida Líquida representa o total de obrigações financeiras da empresa, descontada a disponibilidade de caixa e equivalentes, calculada como (Dívida Bruta - Caixa e Equivalentes de Caixa). É um indicador de alavancagem que avalia o endividamento real, considerando os recursos líquidos disponíveis. Um valor baixo ou negativo sugere boa saúde financeira, enquanto valores altos indicam maior risco financeiro."
    }
  },
  {
    "model": "indicadores.indicador",
    "pk": 37,
    "fields": {
      "ativo": 2,
      "status": "Ruim",
      "nome": "Giro ativos",
      "valor_texto": "0,50",
      "categoria": "Eficiência Operacional",
      "fonte": "StausInvest",
      "faixa": "0 <= Giro do Ativo <= 0.5",
      "analise": "O Giro do Ativo está muito baixo, indicando baixa eficiência na utilização dos ativos para gerar receita. Essa faixa é comum em setores intensivos em capital, como infraestrutura ou imobiliário, ou em empresas com ativos ociosos ou baixa demanda por seus produtos.",
      "formula": "Giro do Ativo = Receita Líquida / Ativos Totais",
      "definicao": "O Giro do Ativo mede a eficiência com que a empresa utiliza seus ativos totais para gerar receita, calculado como (Receita Líquida / Ativos Totais). É um indicador de eficiência operacional que avalia o quão bem os ativos são empregados para produzir vendas. Um valor alto sugere alta eficiência, enquanto valores baixos indicam subutilização de ativos ou ineficiência operacional."
    }
  },
  {
    "model": "indicadores.indicador",
    "pk": 38,
    "fields": {
      "ativo": 2,
      "status": "Ruim",
      "nome": "M. Bruta",
      "valor_texto": "5,17%",
      "categoria": "Eficiência Operacional",
      "fonte": "StausInvest",
      "faixa": "0 <= Margem Bruta <= 20%",
      "analise": "A Margem Bruta está baixa, sugerindo eficiência operacional limitada. Isso é comum em setores com alta concorrência, custos elevados ou baixa diferenciação de produtos, como varejo ou indústrias de commodities, onde a precificação é pressionada.",
      "formula": "Margem Bruta (%) = ((Receita Líquida - Custo dos Produtos Vendidos) / Receita Líquida) * 100",
      "definicao": "A Margem Bruta mede a rentabilidade bruta da empresa, calculada como ((Receita Líquida - Custo dos Produtos Vendidos) / Receita Líquida) * 100. É um indicador de eficiência operacional que mostra a porcentagem da receita que resta após os custos diretos de produção. Uma margem bruta alta sugere eficiência na gestão de custos, enquanto valores baixos indicam pressão sobre custos ou baixa precificação."
    }
  },
  {
    "model": "indicadores.indicador",
    "pk": 39,
    "fields": {
      "ativo": 2,
      "status": "Crítico",
      "nome": "M. EBIT",
      "valor_texto": "-87,08%",
      "categoria": "Eficiência Operacional",
      "fonte": "StausInvest",
      "faixa": "Margem EBIT < 0%",
      "analise": "Uma Margem EBIT negativa indica que os custos operacionais excedem a receita bruta, resultando em prejuízo antes de juros e impostos. Isso pode sinalizar ineficiência grave, altos custos fixos ou problemas de precificação, comum em empresas em crise ou setores com margens apertadas.",
      "formula": "Margem EBIT (%) = (EBIT / Receita Líquida) * 100",
      "definicao": "A Margem EBIT mede a rentabilidade operacional da empresa, calculada como (EBIT / Receita Líquida) * 100. É um indicador de eficiência que mostra a porcentagem da receita que resta após custos operacionais, antes de juros e impostos. Uma margem EBIT alta sugere forte desempenho operacional, enquanto valores baixos indicam ineficiência ou pressão de custos."
    }
  },
  {
    "model": "indicadores.indicador",
    "pk": 40,
    "fields": {
      "ativo": 2,
      "status": "Crítico",
      "nome": "M. EBITDA",
      "valor_texto": "-71,54%",
      "categoria": "Eficiência Operacional",
      "fonte": "StausInvest",
      "faixa": "Margem EBITDA < 0%",
      "analise": "Uma Margem EBITDA negativa indica que os custos operacionais, mesmo antes de depreciação e amortização, excedem a receita bruta, resultando em prejuízo operacional ajustado. Isso sugere ineficiência grave, altos custos fixos ou problemas de mercado, comum em empresas em crise ou setores altamente competitivos.",
      "formula": "Margem EBITDA (%) = (EBITDA / Receita Líquida) * 100",
      "definicao": "A Margem EBITDA mede a rentabilidade operacional ajustada da empresa, calculada como (EBITDA / Receita Líquida) * 100. É um indicador de eficiência que mostra a porcentagem da receita que resta após custos operacionais, antes de juros, impostos, depreciação e amortização. Uma margem EBITDA alta sugere forte geração de caixa operacional, enquanto valores baixos indicam ineficiência ou pressão de custos."
    }
  },
  {
    "model": "indicadores.indicador",
    "pk": 41,
    "fields": {
      "ativo": 2,
      "status": "Crítico",
      "nome": "PL/Ativos",
      "valor_texto": "-0,03",
      "categoria": "Estrutura de Capital",
      "fonte": "StausInvest",
      "faixa": "PL/Ativos < 0",
      "analise": "Um PL/Ativos negativo indica que o patrimônio líquido é negativo, sugerindo prejuízos acumulados ou problemas financeiros graves. Isso ocorre quando as dívidas superam os ativos líquidos, comum em empresas em crise ou com alta alavancagem, apontando para instabilidade financeira.",
      "formula": "PL/Ativos = Patrimônio Líquido / Ativos Totais",
      "definicao": "O PL/Ativos (Patrimônio Líquido sobre Ativos) mede a proporção do patrimônio líquido em relação aos ativos totais da empresa, calculado como (Patrimônio Líquido / Ativos Totais). É um indicador de estrutura de capital que avalia o grau de financiamento dos ativos por capital próprio versus dívida. Um valor alto sugere baixa alavancagem, enquanto valores baixos ou negativos indicam alta dependência de dívida ou fragilidade financeira."
    }
  },
  {
    "model": "indicadores.indicador",
    "pk": 42,
    "fields": {
      "ativo": 2,
      "status": "Ótimo",
      "nome": "TAG ALONG",
      "valor_texto": "100,00%",
      "categoria": "Governança Corporativa",
      "fonte": "StausInvest",
      "faixa": "Tag Along = 100%",
      "analise": "O Tag Along de 100% oferece proteção total aos acionistas minoritários, garantindo as mesmas condições do controlador em uma venda de controle. Típico de empresas com governança exemplar, sugere alta segurança para investidores minoritários.",
      "formula": "Tag Along (%) = Percentual do preço por ação pago ao controlador garantido aos minoritários Observação: O Tag Along é uma informação estatutária ou regulatória, geralmente definida como 0%, 80%, 100% ou outro percentual específico.",
      "definicao": "O Tag Along é um mecanismo de proteção aos acionistas minoritários que garante o direito de vender suas ações nas mesmas condições (preço e termos) oferecidas ao controlador em caso de venda do controle acionário. Expresso como percentual do preço pago por ação ao controlador, é previsto no estatuto da empresa ou na legislação (ex.: Lei das S.A. no Brasil, que exige 80% para empresas listadas em alguns segmentos). Um Tag Along alto reflete maior proteção aos minoritários, enquanto um Tag Along baixo ou inexistente indica maior risco."
    }
  },
  {
    "model": "indicadores.indicador",
    "pk": 43,
    "fields": {
      "ativo": 2,
      "status": "Bom",
      "nome": "Ativos",
      "valor_texto": "1,41",
      "categoria": "Liquidez",
      "fonte": "StausInvest",
      "faixa": "1.2 <= Liquidez Corrente <= 2.0",
      "analise": "A Liquidez Corrente está em uma faixa saudável, indicando que os ativos circulantes cobrem bem as obrigações de curto prazo. Essa faixa é comum em empresas com gestão financeira sólida, como tecnologia ou bens de consumo, sugerindo capacidade de honrar compromissos sem pressão imediata.",
      "formula": "Liquidez Corrente = Ativo Circulante / Passivo Circulante",
      "definicao": "A Liquidez Corrente mede a capacidade da empresa de pagar suas obrigações de curto prazo com seus ativos circulantes, calculada como (Ativo Circulante / Passivo Circulante). É um indicador de liquidez que avalia a saúde financeira de curto prazo da empresa. Um valor alto sugere boa capacidade de pagamento, enquanto valores baixos indicam risco de insolvência no curto prazo."
    }
  },
  {
    "model": "indicadores.indicador",
    "pk": 44,
    "fields": {
      "ativo": 2,
      "status": "Bom",
      "nome": "Free Float",
      "valor_texto": "—",
      "categoria": "Liquidez",
      "fonte": "StausInvest",
      "faixa": "1.2 <= Liquidez Corrente <= 2.0",
      "analise": "A Liquidez Corrente está em uma faixa saudável, indicando que os ativos circulantes cobrem bem as obrigações de curto prazo. Essa faixa é comum em empresas com gestão financeira sólida, como tecnologia ou bens de consumo, sugerindo capacidade de honrar compromissos sem pressão imediata.",
      "formula": "Liquidez Corrente = Ativo Circulante / Passivo Circulante",
      "definicao": "A Liquidez Corrente mede a capacidade da empresa de pagar suas obrigações de curto prazo com seus ativos circulantes, calculada como (Ativo Circulante / Passivo Circulante). É um indicador de liquidez que avalia a saúde financeira de curto prazo da empresa. Um valor alto sugere boa capacidade de pagamento, enquanto valores baixos indicam risco de insolvência no curto prazo."
    }
  },
  {
    "model": "indicadores.indicador",
    "pk": 45,
    "fields": {
      "ativo": 2,
      "status": "Bom",
      "nome": "Liq. corrente",
      "valor_texto": "1,41",
      "categoria": "Liquidez",
      "fonte": "StausInvest",
      "faixa": "1.2 <= Liquidez Corrente <= 2.0",
      "analise": "A Liquidez Corrente está em uma faixa saudável, indicando que os ativos circulantes cobrem bem as obrigações de curto prazo. Essa faixa é comum em empresas com gestão financeira sólida, como tecnologia ou bens de consumo, sugerindo capacidade de honrar compromissos sem pressão imediata.",
      "formula": "Liquidez Corrente = Ativo Circulante / Passivo Circulante",
      "definicao": "A Liquidez Corrente mede a capacidade da empresa de pagar suas obrigações de curto prazo com seus ativos circulantes, calculada como (Ativo Circulante / Passivo Circulante). É um indicador de liquidez que avalia a saúde financeira de curto prazo da empresa. Um valor alto sugere boa capacidade de pagamento, enquanto valores baixos indicam risco de insolvência no curto prazo."
    }
  },
  {
    "model": "indicadores.indicador",
    "pk": 46,
    "fields": {
      "ativo": 2,
      "status": "Bom",
      "nome": "LIQUIDEZ MEDIA DIARIA",
      "valor_texto": "548.306,43",
      "categoria": "Liquidez de Mercado",
      "fonte": "StausInvest",
      "faixa": "500.000 < Liquidez Média Diária <= 2.000.000",
      "analise": "A Liquidez Média Diária está em uma faixa saudável, indicando boa facilidade para comprar ou vender a ação sem impacto significativo no preço. Essa faixa é comum em empresas de grande capitalização ou setores populares, como tecnologia ou bens de consumo.",
      "formula": "Liquidez Média Diária = Valor Total Negociado / Número de Dias",
      "definicao": "A Liquidez Média Diária mede o volume financeiro médio negociado de uma ação por dia, geralmente em reais, dólares ou outra moeda, calculado como o valor total negociado em um período dividido pelo número de dias. É um indicador de liquidez de mercado que avalia a facilidade de comprar ou vender uma ação sem impactar significativamente seu preço. Um valor alto sugere alta liquidez, enquanto valores baixos indicam dificuldade em negociar a ação."
    }
  },
  {
    "model": "indicadores.indicador",
    "pk": 47,
    "fields": {
      "ativo": 2,
      "status": "Crítico",
      "nome": "D.Y",
      "valor_texto": "0,00%",
      "categoria": "Rentabilidade",
      "fonte": "StausInvest",
      "faixa": "Dividend Yield = 0%",
      "analise": "Um Dividend Yield de 0% indica que a empresa não paga dividendos, comum em empresas de crescimento que reinvestem lucros ou em empresas com dificuldades financeiras. Isso pode refletir uma estratégia de retenção de capital ou baixa lucratividade.",
      "formula": "Dividend Yield (%) = (Dividendos por Ação / Preço da Ação) * 100",
      "definicao": "O Dividend Yield (DY) mede o retorno anual dos dividendos pagos por ação em relação ao preço da ação, calculado como (Dividendos por Ação / Preço da Ação) * 100. É um indicador de rentabilidade para investidores que buscam renda passiva. Um DY alto sugere bom retorno de dividendos, enquanto valores baixos podem indicar baixa distribuição de lucros ou expectativas de crescimento."
    }
  },
  {
    "model": "indicadores.indicador",
    "pk": 48,
    "fields": {
      "ativo": 2,
      "status": "Crítico",
      "nome": "LPA",
      "valor_texto": "-18,65",
      "categoria": "Rentabilidade",
      "fonte": "StausInvest",
      "faixa": "LPA < 0",
      "analise": "Um LPA negativo indica que a empresa registrou prejuízo no período, o que pode sinalizar problemas operacionais, altos custos ou perdas extraordinárias. Isso sugere baixa rentabilidade e potencial instabilidade financeira.",
      "formula": "LPA = Lucro Líquido / Número de Ações em Circulação",
      "definicao": "O Lucro por Ação (LPA) mede a rentabilidade da empresa por ação, calculado como (Lucro Líquido / Número de Ações em Circulação). É um indicador chave de desempenho que mostra quanto lucro a empresa gera para cada ação. Um LPA alto sugere alta rentabilidade, enquanto valores negativos indicam prejuízos."
    }
  },
  {
    "model": "indicadores.indicador",
    "pk": 49,
    "fields": {
      "ativo": 2,
      "status": "Crítico",
      "nome": "M. Liquida",
      "valor_texto": "-112,32%",
      "categoria": "Rentabilidade",
      "fonte": "StausInvest",
      "faixa": "Margem Líquida < 0%",
      "analise": "Uma Margem Líquida negativa indica que a empresa está operando com prejuízo após todos os custos, despesas, juros e impostos. Isso sugere ineficiência operacional grave, altos encargos financeiros ou perdas extraordinárias, comum em empresas em crise ou setores com margens apertadas.",
      "formula": "Margem Líquida (%) = (Lucro Líquido / Receita Líquida) * 100",
      "definicao": "A Margem Líquida mede a rentabilidade final da empresa, calculada como (Lucro Líquido / Receita Líquida) * 100. É um indicador de eficiência que mostra a porcentagem da receita que resta após todos os custos, despesas, juros e impostos. Uma margem líquida alta sugere forte lucratividade e eficiência geral, enquanto valores baixos indicam pressão de custos ou baixa rentabilidade."
    }
  },
  {
    "model": "indicadores.indicador",
    "pk": 50,
    "fields": {
      "ativo": 2,
      "status": "Crítico",
      "nome": "ROA",
      "valor_texto": "-56,67%",
      "categoria": "Rentabilidade",
      "fonte": "StausInvest",
      "faixa": "ROA < 0%",
      "analise": "Um ROA negativo indica que a empresa está gerando prejuízo líquido em relação aos seus ativos, sugerindo ineficiência grave na utilização de recursos ou perdas operacionais. Isso pode ocorrer em empresas em crise, com ativos ociosos ou em setores com margens apertadas.",
      "formula": "ROA (%) = (Lucro Líquido / Ativos Totais) * 100",
      "definicao": "O ROA (Retorno sobre Ativos) mede a rentabilidade da empresa em relação aos seus ativos totais, calculado como (Lucro Líquido / Ativos Totais) * 100. É um indicador de eficiência que avalia a capacidade da empresa de gerar lucros utilizando seus ativos. Um ROA alto sugere eficiência na gestão de ativos, enquanto valores baixos ou negativos indicam ineficiência ou prejuízos."
    }
  },
  {
    "model": "indicadores.indicador",
    "pk": 51,
    "fields": {
      "ativo": 2,
      "status": "Crítico",
      "nome": "ROE",
      "valor_texto": "-18,23%",
      "categoria": "Rentabilidade",
      "fonte": "StausInvest",
      "faixa": "ROE < 0%",
      "analise": "Um ROE negativo indica que a empresa está gerando prejuízo líquido ou possui patrimônio líquido negativo, sugerindo ineficiência grave ou problemas estruturais. Isso pode ocorrer em empresas em crise, com perdas acumuladas ou alta alavancagem, apontando para instabilidade financeira.",
      "formula": "ROE (%) = (Lucro Líquido / Patrimônio Líquido) * 100",
      "definicao": "O ROE (Retorno sobre Patrimônio Líquido) mede a rentabilidade da empresa em relação ao capital próprio dos acionistas, calculado como (Lucro Líquido / Patrimônio Líquido) * 100. É um indicador de eficiência que avalia a capacidade da empresa de gerar lucros com o patrimônio investido pelos acionistas. Um ROE alto sugere alta eficiência, enquanto valores baixos ou negativos indicam ineficiência ou prejuízos."
    }
  },
  {
    "model": "indicadores.indicador",
    "pk": 52,
    "fields": {
      "ativo": 2,
      "status": "Crítico",
      "nome": "ROIC",
      "valor_texto": "-58,22%",
      "categoria": "Rentabilidade",
      "fonte": "StausInvest",
      "faixa": "ROIC < 0%",
      "analise": "Um ROIC negativo indica que a empresa está gerando prejuízo operacional após impostos em relação ao capital investido, sugerindo ineficiência grave na alocação de capital. Isso pode ocorrer em empresas em crise, com altos custos operacionais ou investimentos mal planejados.",
      "formula": "ROIC (%) = (NOPAT / Capital Investido) * 100",
      "definicao": "O ROIC (Retorno sobre Capital Investido) mede a eficiência da empresa em gerar lucros a partir do capital total investido, calculado como (NOPAT / Capital Investido) * 100, onde NOPAT é o lucro operacional após impostos e Capital Investido é a soma de patrimônio líquido e dívida líquida. É um indicador de rentabilidade que avalia a capacidade de alocação eficiente do capital. Um ROIC alto sugere eficiência superior, enquanto valores baixos indicam ineficiência ou retornos insuficientes."
    }
  },
  {
    "model": "indicadores.indicador",
    "pk": 53,
    "fields": {
      "ativo": 2,
      "status": "Crítico",
      "nome": "Disponibilidade",
      "valor_texto": "-0,22",
      "categoria": "Saúde Financeira",
      "fonte": "StausInvest",
      "faixa": "Patrimônio Líquido < 0",
      "analise": "Um Patrimônio Líquido negativo indica que os passivos superam os ativos, sugerindo prejuízos acumulados ou endividamento excessivo. Comum em empresas em crise ou com alta alavancagem, isso aponta para instabilidade financeira e risco elevado para acionistas.",
      "formula": "Patrimônio Líquido = Ativos Totais - Passivos Totais",
      "definicao": "O Patrimônio Líquido representa o valor contábil dos recursos próprios da empresa, calculado como (Ativos Totais - Passivos Totais). É um indicador de saúde financeira que mostra o valor residual pertencente aos acionistas após o pagamento de todas as dívidas. Um valor alto sugere solidez financeira, enquanto valores baixos ou negativos indicam fragilidade ou endividamento excessivo."
    }
  },
  {
    "model": "indicadores.indicador",
    "pk": 54,
    "fields": {
      "ativo": 2,
      "status": "Crítico",
      "nome": "P/L",
      "valor_texto": "-0,22",
      "categoria": "Saúde Financeira",
      "fonte": "StausInvest",
      "faixa": "Patrimônio Líquido < 0",
      "analise": "Um Patrimônio Líquido negativo indica que os passivos superam os ativos, sugerindo prejuízos acumulados ou endividamento excessivo. Comum em empresas em crise ou com alta alavancagem, isso aponta para instabilidade financeira e risco elevado para acionistas.",
      "formula": "Patrimônio Líquido = Ativos Totais - Passivos Totais",
      "definicao": "O Patrimônio Líquido representa o valor contábil dos recursos próprios da empresa, calculado como (Ativos Totais - Passivos Totais). É um indicador de saúde financeira que mostra o valor residual pertencente aos acionistas após o pagamento de todas as dívidas. Um valor alto sugere solidez financeira, enquanto valores baixos ou negativos indicam fragilidade ou endividamento excessivo."
    }
  },
  {
    "model": "indicadores.indicador",
    "pk": 55,
    "fields": {
      "ativo": 2,
      "status": "Ótimo",
      "nome": "Div. liquida/EBIT",
      "valor_texto": "-1,81",
      "categoria": "Solvência",
      "fonte": "StausInvest",
      "faixa": "Dívida Líquida / EBIT < 0",
      "analise": "Um valor negativo pode indicar que a empresa possui mais caixa do que dívidas ou que o EBIT é negativo. Um excesso de caixa sugere uma posição financeira sólida, mas um EBIT negativo aponta para prejuízo operacional, exigindo análise cuidadosa do contexto.",
      "formula": "Dívida Líquida / EBIT = (Dívida Total - Caixa e Equivalentes) / EBIT",
      "definicao": "A Dívida Líquida / EBIT mede o nível de endividamento da empresa em relação ao seu lucro antes de juros e impostos (EBIT). É calculado como (Dívida Líquida / EBIT), onde Dívida Líquida = Dívida Total - Caixa e Equivalentes. É um indicador de solvência que avalia a capacidade da empresa de pagar suas dívidas com seu lucro operacional. Um valor baixo sugere baixa alavancagem, enquanto valores altos indicam risco financeiro elevado."
    }
  },
  {
    "model": "indicadores.indicador",
    "pk": 56,
    "fields": {
      "ativo": 2,
      "status": "Ótimo",
      "nome": "Div. liquida/EBITDA",
      "valor_texto": "-2,20",
      "categoria": "Solvência",
      "fonte": "StausInvest",
      "faixa": "Dívida Líquida / EBITDA < 0",
      "analise": "Um valor negativo indica que a empresa possui mais caixa e equivalentes do que dívidas, sugerindo uma posição financeira sólida com baixa alavancagem. Isso pode ocorrer em empresas com alta geração de caixa ou reservas elevadas, permitindo investimentos ou distribuições aos acionistas.",
      "formula": "Dívida Líquida / EBITDA = (Dívida Total - Caixa e Equivalentes) / EBITDA",
      "definicao": "A Dívida Líquida / EBITDA mede o nível de endividamento da empresa em relação ao seu lucro operacional antes de juros, impostos, depreciação e amortização (EBITDA). É calculado como (Dívida Líquida / EBITDA). É um indicador de solvência que avalia a capacidade da empresa de pagar suas dívidas com sua geração de caixa operacional. Um valor baixo sugere baixa alavancagem, enquanto valores altos indicam risco financeiro elevado."
    }
  },
  {
    "model": "indicadores.indicador",
    "pk": 57,
    "fields": {
      "ativo": 2,
      "status": "Muito Bom",
      "nome": "Div. liquida/PL",
      "valor_texto": "0",
      "categoria": "Solvência",
      "fonte": "StausInvest",
      "faixa": "0 <= Dívida Líquida / PL <= 0.5",
      "analise": "A dívida líquida é muito baixa em relação ao patrimônio líquido, indicando que a empresa financia a maior parte de suas operações com capital próprio. Isso sugere solvência forte, baixa dependência de dívida e resiliência financeira, comum em empresas maduras ou com fluxo de caixa robusto.",
      "formula": "Dívida Líquida / Patrimônio Líquido = (Dívida Total - Caixa e Equivalentes) / Patrimônio Líquido",
      "definicao": "A Dívida Líquida / Patrimônio Líquido mede o nível de endividamento da empresa em relação ao seu patrimônio líquido. É calculado como (Dívida Líquida / Patrimônio Líquido), onde Dívida Líquida = Dívida Total - Caixa e Equivalentes. É um indicador de solvência que avalia a proporção de dívida financiada em relação ao capital próprio dos acionistas. Um valor baixo sugere baixa alavancagem, enquanto valores altos indicam risco financeiro elevado."
    }
  },
  {
    "model": "indicadores.indicador",
    "pk": 58,
    "fields": {
      "ativo": 2,
      "status": "Muito Crítico",
      "nome": "Ativo circulante",
      "valor_texto": "-2,35",
      "categoria": "Valuation",
      "fonte": "StausInvest",
      "faixa": "EV/EBITDA < 0",
      "analise": "Um EV/EBITDA negativo indica que o EBITDA é negativo, sugerindo prejuízo operacional antes de depreciação e amortização. Isso pode sinalizar ineficiência grave, altos custos fixos ou perdas operacionais persistentes, tornando a valuation irrelevante e indicando instabilidade financeira extrema.",
      "formula": "EV/EBITDA = Enterprise Value / EBITDA",
      "definicao": "O EV/EBITDA (Enterprise Value / EBITDA) mede o valor da empresa em relação ao seu lucro antes de juros, impostos, depreciação e amortização (EBITDA). É calculado como (Enterprise Value / EBITDA), onde Enterprise Value = Valor de Mercado + Dívida Líquida - Caixa. É um indicador de valuation que avalia se a empresa está cara ou barata, ajustado para depreciação e amortização. Um EV/EBITDA baixo sugere subvalorização, enquanto valores altos indicam sobrevalorização ou expectativas de crescimento."
    }
  },
  {
    "model": "indicadores.indicador",
    "pk": 59,
    "fields": {
      "ativo": 2,
      "status": "Muito Crítico",
      "nome": "EV/EBIT",
      "valor_texto": "-2,09",
      "categoria": "Valuation",
      "fonte": "StausInvest",
      "faixa": "EV/EBIT < 0",
      "analise": "Um EV/EBIT negativo indica que o EBIT é negativo, sugerindo prejuízo operacional antes de juros e impostos. Isso pode sinalizar ineficiência operacional, altos custos ou perdas extraordinárias, tornando a valuation irrelevante ou indicando grave instabilidade financeira.",
      "formula": "EV/EBIT = Enterprise Value / EBIT",
      "definicao": "O EV/EBIT (Enterprise Value / EBIT) mede o valor da empresa em relação ao seu lucro antes de juros e impostos (EBIT). É calculado como (Enterprise Value / EBIT), onde Enterprise Value = Valor de Mercado + Dívida Líquida - Caixa. É um indicador de valuation que avalia se a empresa está cara ou barata, considerando sua dívida e caixa. Um EV/EBIT baixo sugere subvalorização, enquanto valores altos indicam sobrevalorização ou expectativas de crescimento."
    }
  },
  {
    "model": "indicadores.indicador",
    "pk": 60,
    "fields": {
      "ativo": 2,
      "status": "Muito Crítico",
      "nome": "EV/EBITDA",
      "valor_texto": "-2,35",
      "categoria": "Valuation",
      "fonte": "StausInvest",
      "faixa": "EV/EBITDA < 0",
      "analise": "Um EV/EBITDA negativo indica que o EBITDA é negativo, sugerindo prejuízo operacional antes de depreciação e amortização. Isso pode sinalizar ineficiência grave, altos custos fixos ou perdas operacionais persistentes, tornando a valuation irrelevante e indicando instabilidade financeira extrema.",
      "formula": "EV/EBITDA = Enterprise Value / EBITDA",
      "definicao": "O EV/EBITDA (Enterprise Value / EBITDA) mede o valor da empresa em relação ao seu lucro antes de juros, impostos, depreciação e amortização (EBITDA). É calculado como (Enterprise Value / EBITDA), onde Enterprise Value = Valor de Mercado + Dívida Líquida - Caixa. É um indicador de valuation que avalia se a empresa está cara ou barata, ajustado para depreciação e amortização. Um EV/EBITDA baixo sugere subvalorização, enquanto valores altos indicam sobrevalorização ou expectativas de crescimento."
    }
  },
  {
    "model": "indicadores.indicador",
    "pk": 61,
    "fields": {
      "ativo": 2,
      "status": "Ótimo",
      "nome": "P/Ativo",
      "valor_texto": "0,12",
      "categoria": "Valuation",
      "fonte": "StausInvest",
      "faixa": "0 < P/Ativo <= 0.5",
      "analise": "O P/Ativo está muito baixo, sugerindo que a empresa está fortemente subvalorizada em relação aos seus ativos. Essa faixa indica oportunidades de compra, comum em empresas com ativos significativos, mas preço de mercado deprimido devido a ciclos econômicos, má percepção de mercado ou setores menos atrativos.",
      "formula": "P/Ativo = Valor de Mercado / Ativos Totais",
      "definicao": "O P/Ativo (Preço / Ativo) mede o valor de mercado da empresa em relação aos seus ativos totais, calculado como (Valor de Mercado / Ativos Totais). É um indicador de valuation que avalia se a empresa está cara ou barata com base em seus ativos. Um P/Ativo baixo sugere subvalorização, enquanto valores altos indicam sobrevalorização ou expectativas de alta rentabilidade sobre os ativos."
    }
  },
  {
    "model": "indicadores.indicador",
    "pk": 62,
    "fields": {
      "ativo": 2,
      "status": "Crítico",
      "nome": "P/Ativo Circ. Liq.",
      "valor_texto": "-0,20",
      "categoria": "Valuation",
      "fonte": "StausInvest",
      "faixa": "P/Ativo Circulante Líquido < 0",
      "analise": "Um P/Ativo Circulante Líquido negativo indica que o ativo circulante líquido é negativo, ou seja, o passivo circulante excede o ativo circulante. Isso sugere problemas graves de liquidez de curto prazo, comum em empresas em crise ou com má gestão financeira, indicando risco de insolvência.",
      "formula": "P/Ativo Circulante Líquido = Valor de Mercado / (Ativo Circulante - Passivo Circulante)",
      "definicao": "O P/Ativo Circulante Líquido mede o valor de mercado da empresa em relação ao seu ativo circulante líquido, calculado como (Valor de Mercado / Ativo Circulante Líquido), onde Ativo Circulante Líquido é o Ativo Circulante menos o Passivo Circulante. É um indicador de valuation que avalia a relação entre o preço da empresa e sua liquidez de curto prazo. Um valor baixo sugere subvalorização ou alta liquidez, enquanto valores altos indicam sobrevalorização ou baixa liquidez operacional."
    }
  },
  {
    "model": "indicadores.indicador",
    "pk": 63,
    "fields": {
      "ativo": 2,
      "status": "Ótimo",
      "nome": "P/Cap. Giro",
      "valor_texto": "1,15",
      "categoria": "Valuation",
      "fonte": "StausInvest",
      "faixa": "0 <= P/Capital de Giro <= 5",
      "analise": "O P/Capital de Giro está muito baixo, sugerindo que a empresa está fortemente subvalorizada em relação à sua liquidez operacional. Essa faixa indica oportunidades de compra, comum em empresas com forte capital de giro, mas preço de mercado deprimido devido a ciclos econômicos ou baixa visibilidade.",
      "formula": "P/Capital de Giro = Valor de Mercado / (Ativo Circulante - Passivo Circulante)",
      "definicao": "O P/Capital de Giro mede o valor de mercado da empresa em relação ao seu capital de giro, calculado como (Valor de Mercado / Capital de Giro), onde Capital de Giro é o Ativo Circulante menos o Passivo Circulante. É um indicador de valuation que avalia a relação entre o preço da empresa e sua liquidez operacional de curto prazo. Um valor baixo sugere subvalorização ou alta liquidez, enquanto valores altos indicam sobrevalorização ou baixa liquidez."
    }
  },
  {
    "model": "indicadores.indicador",
    "pk": 64,
    "fields": {
      "ativo": 2,
      "status": "Muito Crítico",
      "nome": "P/EBIT",
      "valor_texto": "-0,28",
      "categoria": "Valuation",
      "fonte": "StausInvest",
      "faixa": "P/EBIT < 0",
      "analise": "Um P/EBIT negativo indica que o EBIT é negativo, sugerindo prejuízo operacional antes de juros e impostos. Isso pode refletir ineficiência operacional, altos custos ou perdas extraordinárias, tornando a valuation irrelevante e apontando para instabilidade financeira significativa.",
      "formula": "P/EBIT = Valor de Mercado / EBIT",
      "definicao": "O P/EBIT (Preço / EBIT) mede o valor de mercado da empresa em relação ao seu lucro antes de juros e impostos (EBIT), calculado como (Valor de Mercado / EBIT). É um indicador de valuation que avalia se a empresa está cara ou barata com base em sua lucratividade operacional. Um P/EBIT baixo sugere subvalorização, enquanto valores altos indicam sobrevalorização ou expectativas de crescimento futuro."
    }
  },
  {
    "model": "indicadores.indicador",
    "pk": 65,
    "fields": {
      "ativo": 2,
      "status": "Muito Crítico",
      "nome": "P/EBITDA",
      "valor_texto": "-0,32",
      "categoria": "Valuation",
      "fonte": "StausInvest",
      "faixa": "P/EBITDA < 0",
      "analise": "Um P/EBITDA negativo indica que o EBITDA é negativo, sugerindo prejuízo operacional antes de juros, impostos, depreciação e amortização. Isso pode refletir ineficiência grave, altos custos fixos ou perdas operacionais, tornando a valuation irrelevante e indicando instabilidade financeira significativa.",
      "formula": "P/EBITDA = Valor de Mercado / EBITDA",
      "definicao": "O P/EBITDA (Preço / EBITDA) mede o valor de mercado da empresa em relação ao seu lucro antes de juros, impostos, depreciação e amortização (EBITDA), calculado como (Valor de Mercado / EBITDA). É um indicador de valuation que avalia se a empresa está cara ou barata com base em sua geração de caixa operacional ajustada. Um P/EBITDA baixo sugere subvalorização, enquanto valores altos indicam sobrevalorização ou expectativas de crescimento futuro."
    }
  },
  {
    "model": "indicadores.indicador",
    "pk": 66,
    "fields": {
      "ativo": 2,
      "status": "Ótimo",
      "nome": "P/SR",
      "valor_texto": "0,25",
      "categoria": "Valuation",
      "fonte": "StausInvest",
      "faixa": "0 <= PSR <= 0.5",
      "analise": "O PSR está muito baixo, sugerindo que a empresa está fortemente subvalorizada em relação à sua receita líquida. Essa faixa indica oportunidades de compra, comum em empresas com vendas robustas, mas preço de mercado deprimido devido a ciclos econômicos ou baixa percepção de mercado.",
      "formula": "PSR = Valor de Mercado / Receita Líquida",
      "definicao": "O PSR (Preço sobre Vendas) mede o valor de mercado da empresa em relação à sua receita líquida, calculado como (Valor de Mercado / Receita Líquida). É um indicador de valuation que avalia se a empresa está cara ou barata com base em sua capacidade de gerar vendas. Um PSR baixo sugere subvalorização, enquanto valores altos indicam sobrevalorização ou expectativas de crescimento futuro."
    }
  },
  {
    "model": "indicadores.indicador",
    "pk": 67,
    "fields": {
      "ativo": 2,
      "status": "Muito Crítico",
      "nome": "P/VP",
      "valor_texto": "-3,99",
      "categoria": "Valuation",
      "fonte": "StausInvest",
      "faixa": "P/VP < 0",
      "analise": "Um P/VP negativo indica que o valor patrimonial por ação é negativo, geralmente devido a prejuízos acumulados que excedem o capital próprio. Isso sugere problemas financeiros graves, como endividamento excessivo, falência iminente ou distorções contábeis.",
      "formula": "P/VP = Preço da Ação / Valor Patrimonial por Ação",
      "definicao": "O Preço/Valor Patrimonial (P/VP) compara o preço da ação ao valor patrimonial por ação, calculado como (Preço da Ação / Valor Patrimonial por Ação). É um indicador de valuation que avalia se a ação está cara ou barata em relação aos ativos líquidos da empresa. Um P/VP baixo sugere subvalorização, enquanto um valor alto indica sobrevalorização ou expectativas de crescimento."
    }
  },
  {
    "model": "indicadores.indicador",
    "pk": 68,
    "fields": {
      "ativo": 2,
      "status": "Muito Crítico",
      "nome": "VPA",
      "valor_texto": "-1,02",
      "categoria": "Valuation",
      "fonte": "StausInvest",
      "faixa": "P/VPA < 0",
      "analise": "Um P/VPA negativo indica que o patrimônio líquido é negativo, sugerindo prejuízos acumulados ou problemas financeiros graves. Isso pode ocorrer em empresas em crise, com alta alavancagem ou ativos desvalorizados, tornando o VPA irrelevante e indicando instabilidade.",
      "formula": "VPA = Patrimônio Líquido / Número Total de Ações",
      "definicao": "O VPA (Valor Patrimonial por Ação) mede o valor contábil do patrimônio líquido da empresa por ação, calculado como (Patrimônio Líquido / Número Total de Ações). É um indicador de valuation que avalia o valor intrínseco de cada ação com base nos ativos líquidos da empresa. Um VPA alto sugere maior respaldo patrimonial por ação, enquanto valores baixos ou negativos indicam fragilidade financeira ou patrimônio reduzido."
    }
  }
]