[
  {
    "model": "cadastro.cliente",
    "pk": 1,
    "fields": {
      "nome": "Empresa Alpha Ltda",
      "endereco": "Av. Paulista, 1000 - São Paulo/SP",
      "profissao": "Tecnologia",
      "cep": "01310-100",
      "cnpj": "12.345.678/0001-90"
    }
  },
  {
    "model": "cadastro.cliente",
    "pk": 2,
    "fields": {
      "nome": "Beta Serviços ME",
      "endereco": "Rua das Flores, 200 - Curitiba/PR",
      "profissao": "Serviços",
      "cep": "80050-320",
      "cnpj": "98.765.432/0001-01"
    }
  },
  {
    "model": "cadastro.cliente",
    "pk": 3,
    "fields": {
      "nome": "Gamma Comercio SA",
      "endereco": "Praça Sete, 77 - Belo Horizonte/MG",
      "profissao": "Comércio",
      "cep": "30111-002",
      "cnpj": "11.222.333/0001-44"
    }
  }
]